[
    {
        "value": "101",
        "label": "中国银行",
        "children": [
            {
                "value": "10101",
                "label": "个人金融部"
            },
            {
                "value": "10102",
                "label": "营业部"
            },
            {
                "value": "10103",
                "label": "信用卡中心"
            },
            {
                "value": "10104",
                "label": "公司部"
            },
            {
                "value": "10105",
                "label": "惠州分行"
            },
            {
                "value": "10106",
                "label": "惠城支行"
            },
            {
                "value": "10107",
                "label": "东湖支行"
            },
            {
                "value": "10108",
                "label": "金山湖支行"
            },
            {
                "value": "10109",
                "label": "河南岸支行"
            },
            {
                "value": "10110",
                "label": "江北支行"
            },
            {
                "value": "10111",
                "label": "演达路支行"
            },
            {
                "value": "10112",
                "label": "惠台工业园支行"
            },
            {
                "value": "10113",
                "label": "陈江支行"
            },
            {
                "value": "10114",
                "label": "长寿路支行"
            },
            {
                "value": "10115",
                "label": "三环北路支行"
            },
            {
                "value": "10116",
                "label": "仲恺高新区支行"
            },
            {
                "value": "10117",
                "label": "博罗支行"
            },
            {
                "value": "10118",
                "label": "石湾支行"
            },
            {
                "value": "10119",
                "label": "园洲支行"
            },
            {
                "value": "10120",
                "label": "大亚湾支行"
            },
            {
                "value": "10121",
                "label": "新圩支行"
            },
            {
                "value": "10122",
                "label": "惠阳支行"
            },
            {
                "value": "10123",
                "label": "惠东支行"
            },
            {
                "value": "10124",
                "label": "吉隆支行"
            },
            {
                "value": "10125",
                "label": "荷兰水乡支行"
            }
        ]
    },
    {
        "value": "102",
        "label": "建设银行",
        "children": [
            {
                "value": "10201",
                "label": "营业部"
            },
            {
                "value": "10202",
                "label": "中小企业中心"
            },
            {
                "value": "10203",
                "label": "惠州分行"
            },
            {
                "value": "10204",
                "label": "国际业务部"
            },
            {
                "value": "10205",
                "label": "小企业部"
            },
            {
                "value": "10206",
                "label": "江北支行"
            },
            {
                "value": "10207",
                "label": "惠城支行"
            },
            {
                "value": "10208",
                "label": "下角支行"
            },
            {
                "value": "10209",
                "label": "水门支行"
            },
            {
                "value": "10210",
                "label": "南坛支行"
            },
            {
                "value": "10211",
                "label": "下埔支行"
            },
            {
                "value": "10212",
                "label": "麦兴路支行"
            },
            {
                "value": "10213",
                "label": "上排支行"
            },
            {
                "value": "10214",
                "label": "碧水湾支行"
            },
            {
                "value": "10215",
                "label": "金湖支行"
            },
            {
                "value": "10216",
                "label": "三新支行"
            },
            {
                "value": "10217",
                "label": "博罗支行"
            },
            {
                "value": "10218",
                "label": "横江三路支行"
            },
            {
                "value": "10219",
                "label": "东江管理部"
            },
            {
                "value": "10220",
                "label": "龙门支行"
            },
            {
                "value": "10221",
                "label": "惠阳支行"
            },
            {
                "value": "10222",
                "label": "大湖溪支行"
            },
            {
                "value": "10223",
                "label": "水口支行"
            },
            {
                "value": "10224",
                "label": "仲恺支行"
            },
            {
                "value": "10225",
                "label": "大亚湾支行"
            },
            {
                "value": "10226",
                "label": "惠东支行"
            },
            {
                "value": "10227",
                "label": "泛华公司"
            }
        ]
    },
    {
        "value": "103",
        "label": "农业银行",
        "children": [
            {
                "value": "10301",
                "label": "公司部"
            },
            {
                "value": "10302",
                "label": "三农部"
            },
            {
                "value": "10303",
                "label": "个金部"
            },
            {
                "value": "10304",
                "label": "惠城支行"
            },
            {
                "value": "10305",
                "label": "江北支行"
            },
            {
                "value": "10306",
                "label": "碧水湾支行"
            },
            {
                "value": "10307",
                "label": "仲恺支行"
            },
            {
                "value": "10308",
                "label": "惠东支行"
            },
            {
                "value": "10309",
                "label": "博罗支行"
            },
            {
                "value": "10310",
                "label": "惠阳支行"
            },
            {
                "value": "10311",
                "label": "大亚湾支行"
            },
            {
                "value": "10312",
                "label": "汕尾分行"
            },
            {
                "value": "10313",
                "label": "龙门支行"
            }
        ]
    },
    {
        "value": "104",
        "label": "工商银行",
        "children": [
            {
                "value": "10401",
                "label": "营业部"
            },
            {
                "value": "10402",
                "label": "富力支行"
            },
            {
                "value": "10403",
                "label": "麦地南支行"
            },
            {
                "value": "10404",
                "label": "江南支行"
            },
            {
                "value": "10405",
                "label": "仲恺支行"
            },
            {
                "value": "10406",
                "label": "陈江支行"
            },
            {
                "value": "10407",
                "label": "下角支行"
            },
            {
                "value": "10408",
                "label": "小金支行"
            },
            {
                "value": "10409",
                "label": "惠城支行"
            },
            {
                "value": "10410",
                "label": "大亚湾支行"
            },
            {
                "value": "10411",
                "label": "惠南支行"
            },
            {
                "value": "10412",
                "label": "惠阳支行"
            },
            {
                "value": "10413",
                "label": "惠东支行"
            },
            {
                "value": "10414",
                "label": "博罗支行"
            },
            {
                "value": "10415",
                "label": "石湾支行"
            },
            {
                "value": "10416",
                "label": "汕尾支行"
            }
        ]
    },
    {
        "value": "105",
        "label": "交通银行",
        "children": [
            {
                "value": "10501",
                "label": "个贷中心"
            },
            {
                "value": "10502",
                "label": "惠州分行小微企业部"
            },
            {
                "value": "10503",
                "label": "惠州支行"
            },
            {
                "value": "10504",
                "label": "惠城支行"
            },
            {
                "value": "10505",
                "label": "麦地支行"
            },
            {
                "value": "10506",
                "label": "演达支行"
            },
            {
                "value": "10507",
                "label": "惠阳支行"
            },
            {
                "value": "10508",
                "label": "江北营业部"
            },
            {
                "value": "10509",
                "label": "下铺支行"
            },
            {
                "value": "10510",
                "label": "曼哈顿支行"
            },
            {
                "value": "10511",
                "label": "仲恺支行"
            },
            {
                "value": "10512",
                "label": "河源支行"
            },
            {
                "value": "10513",
                "label": "大亚湾支行"
            }
        ]
    },
    {
        "value": "106",
        "label": "广发银行",
        "children": [
            {
                "value": "10601",
                "label": "公司部"
            },
            {
                "value": "10602",
                "label": "个贷中心"
            },
            {
                "value": "10603",
                "label": "惠城支行"
            },
            {
                "value": "10604",
                "label": "南坛支行"
            },
            {
                "value": "10605",
                "label": "江北支行"
            },
            {
                "value": "10606",
                "label": "麦地支行"
            },
            {
                "value": "10607",
                "label": "麦地南支行"
            },
            {
                "value": "10608",
                "label": "金叶支行"
            },
            {
                "value": "10609",
                "label": "仲恺支行"
            },
            {
                "value": "10610",
                "label": "惠阳支行"
            },
            {
                "value": "10611",
                "label": "大亚湾支行"
            },
            {
                "value": "10612",
                "label": "博罗支行"
            },
            {
                "value": "10613",
                "label": "惠东支行"
            },
            {
                "value": "10614",
                "label": "龙门支行"
            },
            {
                "value": "10615",
                "label": "银基支行"
            },
            {
                "value": "10616",
                "label": "演达录支行"
            },
            {
                "value": "10617",
                "label": "陈江支行"
            },
            {
                "value": "10618",
                "label": "文化支行"
            },
            {
                "value": "10619",
                "label": "环城西支行"
            },
            {
                "value": "10620",
                "label": "三和支行"
            }
        ]
    },
    {
        "value": "107",
        "label": "浦发银行",
        "children": [
            {
                "value": "10701",
                "label": "惠州分行"
            },
            {
                "value": "10702",
                "label": "惠阳支行"
            }
        ]
    },
    {
        "value": "108",
        "label": "民生银行",
        "children": [
            {
                "value": "10801",
                "label": "惠州分行"
            }
        ]
    },
    {
        "value": "109",
        "label": "兴业银行",
        "children": [
            {
                "value": "10901",
                "label": "公司部"
            },
            {
                "value": "10902",
                "label": "个贷部"
            },
            {
                "value": "10903",
                "label": "惠州分行"
            },
            {
                "value": "10904",
                "label": "惠阳支行"
            }
        ]
    },
    {
        "value": "110",
        "label": "中信银行",
        "children": [
            {
                "value": "11001",
                "label": "公司部"
            },
            {
                "value": "11002",
                "label": "惠州分行"
            },
            {
                "value": "11003",
                "label": "惠城支行"
            },
            {
                "value": "11004",
                "label": "仲恺支行"
            },
            {
                "value": "11005",
                "label": "惠阳支行"
            }
        ]
    },
    {
        "value": "111",
        "label": "平安银行",
        "children": [
            {
                "value": "11101",
                "label": "公司部"
            },
            {
                "value": "11102",
                "label": "个贷部"
            },
            {
                "value": "11103",
                "label": "惠州分行"
            },
            {
                "value": "11104",
                "label": "惠阳支行"
            },
            {
                "value": "11105",
                "label": "惠东支行"
            },
            {
                "value": "11106",
                "label": "仲恺支行"
            }
        ]
    },
    {
        "value": "112",
        "label": "南粤银行",
        "children": [
            {
                "value": "11201",
                "label": "快贷部"
            },
            {
                "value": "11202",
                "label": "惠州分行"
            },
            {
                "value": "11203",
                "label": "江北支行"
            },
            {
                "value": "11204",
                "label": "惠阳支行"
            }
        ]
    },
    {
        "value": "113",
        "label": "邮政储蓄银行",
        "children": [
            {
                "value": "11301",
                "label": "惠州分行"
            },
            {
                "value": "11302",
                "label": "麦地支行"
            },
            {
                "value": "11303",
                "label": "惠东支行"
            },
            {
                "value": "11304",
                "label": "惠阳支行"
            },
            {
                "value": "11305",
                "label": "陈江支行"
            },
            {
                "value": "11306",
                "label": "大亚湾支行"
            },
            {
                "value": "11307",
                "label": "龙门支行"
            },
            {
                "value": "11308",
                "label": "博罗支行"
            },
            {
                "value": "11309",
                "label": "江北支行"
            },
            {
                "value": "11310",
                "label": "仲恺支行"
            }
        ]
    },
    {
        "value": "114",
        "label": "光大银行",
        "children": [
            {
                "value": "11401",
                "label": "惠州分行"
            },
            {
                "value": "11402",
                "label": "惠阳支行"
            },
            {
                "value": "11403",
                "label": "仲恺支行"
            },
            {
                "value": "11404",
                "label": "博罗支行"
            }
        ]
    },
    {
        "value": "115",
        "label": "广州银行",
        "children": [
            {
                "value": "11501",
                "label": "惠州分行"
            },
            {
                "value": "11502",
                "label": "个贷部"
            },
            {
                "value": "11503",
                "label": "惠州分行一部"
            },
            {
                "value": "11504",
                "label": "惠州分行二部"
            },
            {
                "value": "11505",
                "label": "惠州分行三部"
            },
            {
                "value": "11506",
                "label": "惠州分行四部"
            },
            {
                "value": "11507",
                "label": "惠州分行五部"
            },
            {
                "value": "11508",
                "label": "惠州分行六部"
            },
            {
                "value": "11509",
                "label": "惠阳支行"
            },
            {
                "value": "11510",
                "label": "博罗支行"
            }
        ]
    },
    {
        "value": "116",
        "label": "华润银行",
        "children": [
            {
                "value": "11601",
                "label": "公司部"
            },
            {
                "value": "11602",
                "label": "个贷部"
            },
            {
                "value": "11603",
                "label": "惠州分行小微零售部"
            },
            {
                "value": "11604",
                "label": "惠州分行"
            },
            {
                "value": "11605",
                "label": "惠阳支行"
            },
            {
                "value": "11606",
                "label": "大亚湾支行"
            }
        ]
    },
    {
        "value": "117",
        "label": "东莞农商银行",
        "children": [
            {
                "value": "11701",
                "label": "惠州分行"
            }
        ]
    },
    {
        "value": "118",
        "label": "惠州东盈村镇银行",
        "children": [
            {
                "value": "11801",
                "label": "公司部"
            },
            {
                "value": "11802",
                "label": "三农部"
            },
            {
                "value": "11803",
                "label": "业务发展一部"
            },
            {
                "value": "11804",
                "label": "业务发展二部"
            },
            {
                "value": "11805",
                "label": "仲恺分行"
            },
            {
                "value": "11806",
                "label": "三新支行"
            },
            {
                "value": "11807",
                "label": "水口支行"
            },
            {
                "value": "11808",
                "label": "金山湖支行"
            }
        ]
    },
    {
        "value": "119",
        "label": "惠民村镇银行",
        "children": [
            {
                "value": "11901",
                "label": "惠东支行"
            }
        ]
    },
    {
        "value": "120",
        "label": "广东华兴银行",
        "children": [
            {
                "value": "12001",
                "label": "惠州分行"
            }
        ]
    },
    {
        "value": "121",
        "label": "农商银行",
        "children": [
            {
                "value": "12101",
                "label": "惠城农农商银行"
            },
            {
                "value": "12102",
                "label": "博罗农农商银行"
            },
            {
                "value": "12103",
                "label": "惠东农农商银行"
            },
            {
                "value": "12104",
                "label": "龙门农商银行"
            },
            {
                "value": "12105",
                "label": "惠阳农商银行"
            },
            {
                "value": "12106",
                "label": "汕尾农商银行"
            }
        ]
    }
]