[
  {
    "value": "自然资源局",
    "label": "自然资源局",
    "children": [
      {
        "value": "惠州市自然资源局",
        "label": "惠州市自然资源局"
      },
      {
        "value": "惠州市惠城区自然资源局",
        "label": "惠州市惠城区自然资源局"
      },
      {
        "value": "惠州市惠阳区自然资源局",
        "label": "惠州市惠阳区自然资源局"
      },
      {
        "value": "惠州市博罗县自然资源局",
        "label": "惠州市博罗县自然资源局"
      },
      {
        "value": "惠州市惠东县自然资源局",
        "label": "惠州市惠东县自然资源局"
      },
      {
        "value": "惠州市龙门县自然资源局",
        "label": "惠州市龙门县自然资源局"
      },
      {
        "value": "惠州市国土资源局仲恺高新技术产业开发区分局",
        "label": "惠州市国土资源局仲恺高新技术产业开发区分局"
      }
    ]
  },
  {
    "value": "法院",
    "label": "法院",
    "children": [
      {
        "value": "惠州市中级人民法院",
        "label": "惠州市中级人民法院"
      },
      {
        "value": "惠州市惠城区人民法院",
        "label": "惠州市惠城区人民法院"
      },
      {
        "value": "惠州市惠阳区人民法院",
        "label": "惠州市惠阳区人民法院"
      },
      {
        "value": "惠州市博罗县人民法院",
        "label": "惠州市博罗县人民法院"
      },
      {
        "value": "惠州市惠东县人民法院",
        "label": "惠州市惠东县人民法院"
      },
      {
        "value": "惠州市龙门县人民法院",
        "label": "惠州市龙门县人民法院"
      },
      {
        "value": "惠州市大亚湾经济技术开发区人民法院",
        "label": "惠州市大亚湾经济技术开发区人民法院"
      }
    ]
  },
  {
    "value": "国资委",
    "label": "国资委",
    "children": [
      {
        "value": "惠州市国资委",
        "label": "惠州市国资委"
      },
      {
        "value": "惠阳区国资办",
        "label": "惠阳区国资办"
      },
      {
        "value": "博罗县国资办",
        "label": "博罗县国资办"
      },
      {
        "value": "惠东县国资办",
        "label": "惠东县国资办"
      },
      {
        "value": "龙门县国资办",
        "label": "龙门县国资办"
      },
      {
        "value": "大亚湾经济技术开发区国资办",
        "label": "大亚湾经济技术开发区国资办"
      }
    ]
  },
  {
    "value": "财政局",
    "label": "财政局",
    "children": [
      {
        "value": "惠州市财政局",
        "label": "惠州市财政局"
      },
      {
        "value": "惠阳区国资办",
        "label": "惠阳区国资办"
      },
      {
        "value": "博罗县国资办",
        "label": "博罗县国资办"
      },
      {
        "value": "惠东县国资办",
        "label": "惠东县国资办"
      },
      {
        "value": "龙门县国资办",
        "label": "龙门县国资办"
      },
      {
        "value": "大亚湾经济技术开发区国资办",
        "label": "大亚湾经济技术开发区国资办"
      }
    ]
  },
  {
    "value": "政府部门",
    "label": "政府部门",
    "children": [
      {
        "value": "惠州市林业局",
        "label": "惠州市林业局"
      },
      {
        "value": "惠州市公共资源中心",
        "label": "惠州市公共资源中心"
      },
      {
        "value": "惠州市机关事务管理局",
        "label": "惠州市机关事务管理局"
      },
      {
        "value": "惠州市仲裁委",
        "label": "惠州市仲裁委"
      },
      {
        "value": "惠城区企业局",
        "label": "惠城区企业局"
      },
      {
        "value": "惠城区体改办",
        "label": "惠城区体改办"
      }
    ]
  },
  {
    "value": "担保公司",
    "label": "担保公司",
    "children": [
      {
        "value": "惠州市融资担保公司",
        "label": "惠州市融资担保公司"
      },
      {
        "value": "创源担保",
        "label": "创源担保办"
      },
      {
        "value": "展源担保",
        "label": "展源担保"
      },
      {
        "value": "兆达担保",
        "label": "兆达担保"
      },
      {
        "value": "广州信达财险",
        "label": "广州信达财险"
      }
    ]
  }
]
