[
  {
    "label": "房地产",
    "value": "1010"
  },
  {
    "label": "资产",
    "value": "1020"
  },
  {
    "label": "土地",
    "value": "1030"
  },
  {
    "label": "房地产咨询",
    "value": "1041"
  },
  {
    "label": "资产咨询",
    "value": "1042"
  },
  {
    "label": "土地咨询",
    "value": "1043"
  },
  {
    "label": "PPP",
    "value": "1050"
  },
  {
    "label": "房地产复审",
    "value": "1061"
  },
  {
    "label": "资产复审",
    "value": "1062"
  },
  {
    "label": "土地复审",
    "value": "1063"
  },
  {
    "label": "外协",
    "value": "1070"
  },
  {
    "label": "政策修订",
    "value": "1080"
  },
  {
    "label": "绩效",
    "value": "1090"
  },
  {
    "label": "其他",
    "value": "1100"
  }
]
